,Li,Ri,Qi,Pi
0,8.654268107421156,60.91030835693988,1.0,1
1,16.65002762751746,67.16847748057612,1.0,1
2,24.591793624792075,70.68042205084461,1.0,1
3,32.93893041346104,78.69067356642114,1.0,1
4,34.35950754534018,88.3226629428309,1.0,1
5,37.4489653875563,90.24484905732835,1.0,1
6,46.59260274137392,95.27485326663066,1.0,1
7,50.577786550499376,103.88456856244572,1.0,1
8,54.02535308688364,107.77430226991237,1.0,1
9,58.23517056979263,112.38571940263647,1.0,1
