,Li,Ri,Qi,Pi
0,1.4485148101548495,25.708644604598202,1.0,1
1,6.035223370933717,28.971851691310544,1.0,1
2,9.652057181280325,32.54807023897139,1.0,1
3,10.100518252878116,36.72254068143474,1.0,1
4,12.694635462892373,39.37767942037559,1.0,1
5,13.397384263737148,41.14526111194244,1.0,1
6,16.7204452485748,43.24448932214767,1.0,1
7,21.2044259689226,45.180811887087515,1.0,1
8,24.10118987623061,45.317996054737215,1.0,1
9,25.49863084165822,45.3858388032464,1.0,1
