,Li,Ri,Qi,Pi
0,3.9579131469748168,14.17954292437002,1.0,1
1,5.780547251465173,15.694302683893532,1.0,1
2,7.949744738247096,20.361076070291304,1.0,1
3,8.795919684742602,22.84249693520993,1.0,1
4,11.08623454108002,26.88359068549825,1.0,1
