,Li,Ri,Qi,Pi
0,7.204152535147096,55.07921900429748,10.0,1
1,8.608201252025168,57.41223631849542,10.0,1
2,16.611104202642874,58.56388867450096,10.0,1
3,24.872180244658374,68.01609748548937,10.0,1
4,30.734000674574183,72.5999270589319,10.0,1
5,34.25362801626103,77.10800471297108,10.0,1
6,38.83478376784746,82.50230275835624,10.0,1
7,40.5170337785683,87.57872985591008,10.0,1
8,45.4374748958217,87.84353987925039,10.0,1
9,49.648424623070404,92.0425346578561,10.0,1
